{"cameraMode":{"drawMode":0,"name":"Shaded","section":"Shading Mode"},"sceneLighting":true,"audioPlay":false,"sceneViewState":{"showFog":true,"showMaterialUpdate":false,"showSkybox":true,"showFlares":true,"showImageEffects":true,"showParticleSystems":true},"in2DMode":false,"pivot":{"x":3.6163330078125,"y":0.7900390625,"z":-0.2861328125},"rotation":{"x":-0.41191020607948305,"y":-0.03088134340941906,"z":0.013971417210996151,"w":-0.9105938673019409},"size":5.466452121734619,"orthographic":true}