{"cameraMode":{"drawMode":0,"name":"Shaded","section":"Shading Mode"},"sceneLighting":false,"audioPlay":false,"sceneViewState":{"showFog":true,"showMaterialUpdate":false,"showSkybox":true,"showFlares":true,"showImageEffects":true,"showParticleSystems":true},"in2DMode":false,"pivot":{"x":-30.03065299987793,"y":-5.421706199645996,"z":-6.429676055908203},"rotation":{"x":-0.06176901236176491,"y":0.005403106566518545,"z":-0.0003322816046420485,"w":-0.9980758428573608},"size":1.4193828105926514,"orthographic":true}